{
  "accuracy": 0.51,
  "precision": 0.7,
  "recall": 0.8507462686567164,
  "f1_score": 0.75,
  "auc_roc": 0.5945460666591853,
  "training_date": "2025-08-21T12:10:24.390825"
}