feature,importance
fico_range_low,0.247354028417454
int_rate,0.20016244413648737
dti,0.1609807717686803
annual_inc,0.13866777388697357
loan_amnt,0.13797774753007921
grade,0.06604676282017868
home_ownership,0.02598761171156044
term,0.02282285972858653
