{
  "f1_score": 0.7865384615384616,
  "precision": 0.8556485355648535,
  "recall": 0.7277580071174378,
  "accuracy": 0.86125
}