{
  "f1_score": 0.7176470588235294,
  "precision": 0.6182432432432432,
  "recall": 0.8551401869158879,
  "accuracy": 0.856
}