{
  "train_accuracy": 0.94875,
  "test_accuracy": 0.78,
  "auc_score": 0.7927380952380951,
  "precision": 0.7715447154471545,
  "recall": 0.78,
  "f1_score": 0.7611842105263159,
  "training_timestamp": "2025-08-19T05:28:11.615070",
  "model_type": "RandomForestClassifier",
  "data_samples": 1000
}