{
  "accuracy": 0.715,
  "precision": 0.6864096201565184,
  "recall": 0.715,
  "f1_score": 0.682961698495679,
  "roc_auc": 0.7525
}